{
  "right_to_left": {
    "name": [
      "joint56",
      "joint57",
      "joint41",
      "joint42",
      "joint43",
      "joint44",
      "joint45",
      "joint46",
      "joint47",
      "joint1",
      "joint2",
      "joint3",
      "joint4",
      "joint5",
      "joint6",
      "joint7"
    ],
    "position": [
      -0.4998842102027585,
      0.3082520359661576,
      -2.177857152418431,
      3.1415115284994513,
      1.4710449301547062,
      -1.1660192746929698,
      2.8561456648134373,
      -0.3161136655259245,
      -1.0523820663593588,
      -1.8986448362387827,
      -3.050964838581659,
      2.610769358626774,
      -3.1162331105834458,
      1.3772047201529762,
      1.0824486928444266,
      -0.9668650652960322
    ]
  },
  "unhook_right": {
    "name": [
      "joint56",
      "joint57",
      "joint41",
      "joint42",
      "joint43",
      "joint44",
      "joint45",
      "joint46",
      "joint47",
      "joint1",
      "joint2",
      "joint3",
      "joint4",
      "joint5",
      "joint6",
      "joint7"
    ],
    "position": [
      0.0,
      0.0,
      -1.8688107759764416,
      3.129940908471251,
      0.8578529538262156,
      -0.6854245171882675,
      2.546832310628555,
      -0.6167675532397596,
      -0.03736119963156703,
      -1.9761041290950476,
      -3.0095220929217006,
      2.7118112383663724,
      -2.34180894433045,
      1.3993291184515604,
      0.34623670113363847,
      -0.9647639573141504
    ]
  },
  "unhook_left": {
    "name": [
      "joint56",
      "joint57",
      "joint41",
      "joint42",
      "joint43",
      "joint44",
      "joint45",
      "joint46",
      "joint47",
      "joint1",
      "joint2",
      "joint3",
      "joint4",
      "joint5",
      "joint6",
      "joint7"
    ],
    "position": [
      0.4120113754375163,
      -0.20633512073358773,
      -2.177857152418431,
      3.1415115284994517,
      1.4710449301547053,
      -1.1660192746929692,
      2.856145664813435,
      -0.31611366552592324,
      -1.052382066359359,
      -1.9761041290950476,
      -3.0095220929216984,
      2.711811238366373,
      -2.341808944330452,
      1.3993291184515604,
      0.34623670113363847,
      -0.9647639573141492
    ]
  },
  "hose": {
    "name": [
      "joint56",
      "joint57",
      "joint41",
      "joint42",
      "joint43",
      "joint44",
      "joint45",
      "joint46",
      "joint47",
      "joint1",
      "joint2",
      "joint3",
      "joint4",
      "joint5",
      "joint6",
      "joint7"
    ],
    "position": [
      -1.1462081323840563,
      1.226658522254759,
      2.496373975637866,
      -0.9015918195233449,
      -0.6934815434002939,
      1.489008421851203,
      -0.1997030509448301
      -1.995304455498625,
      -1.217371294047899,
      -2.148658497914306,
      0.9268130437662494,
      0.46886492789985645,
      -1.2886398689514698,
      2.035848925520293
    ]
  },
  "victor_car": {
    "name": [
      "victor_left_arm_joint_1",
      "victor_left_arm_joint_2",
      "victor_left_arm_joint_3",
      "victor_left_arm_joint_4",
      "victor_left_arm_joint_5",
      "victor_left_arm_joint_6",
      "victor_left_arm_joint_7",
      "victor_left_gripper_fingerA_joint_2",
      "victor_left_gripper_fingerA_joint_3",
      "victor_left_gripper_fingerA_joint_4",
      "victor_left_gripper_fingerB_joint_2",
      "victor_left_gripper_fingerB_joint_3",
      "victor_left_gripper_fingerB_joint_4",
      "victor_left_gripper_fingerB_knuckle",
      "victor_left_gripper_fingerC_joint_2",
      "victor_left_gripper_fingerC_joint_3",
      "victor_left_gripper_fingerC_joint_4",
      "victor_left_gripper_fingerC_knuckle",
      "victor_right_arm_joint_1",
      "victor_right_arm_joint_2",
      "victor_right_arm_joint_3",
      "victor_right_arm_joint_4",
      "victor_right_arm_joint_5",
      "victor_right_arm_joint_6",
      "victor_right_arm_joint_7",
      "victor_right_gripper_fingerA_joint_2",
      "victor_right_gripper_fingerA_joint_3",
      "victor_right_gripper_fingerA_joint_4",
      "victor_right_gripper_fingerB_joint_2",
      "victor_right_gripper_fingerB_joint_3",
      "victor_right_gripper_fingerB_joint_4",
      "victor_right_gripper_fingerB_knuckle",
      "victor_right_gripper_fingerC_joint_2",
      "victor_right_gripper_fingerC_joint_3",
      "victor_right_gripper_fingerC_joint_4",
      "victor_right_gripper_fingerC_knuckle"
    ],
    "position": [
      0.0,
      0.0,
      0.0,
      0.0,
      0.0,
      0.0,
      0.0,
      0.7000000000000002,
      0.0,
      0.0,
      0.6999999999999993,
      0.0,
      0.0,
      0.0,
      0.6999999999999993,
      0.0,
      0.0,
      0.0,
      0.0,
      0.0,
      0.0,
      0.0,
      0.0,
      0.0,
      0.0,
      0.6999999999999993,
      0.0,
      0.0,
      0.7000000000000002,
      0.0,
      0.0,
      0.0,
      0.7000000000000002,
      0.0,
      0.0,
      0.0
    ]
  },
  "dragging": {
    "name": [
      "joint56",
      "joint57",
      "joint41",
      "joint42",
      "joint43",
      "joint44",
      "joint45",
      "joint46",
      "joint47",
      "joint1",
      "joint2",
      "joint3",
      "joint4",
      "joint5",
      "joint6",
      "joint7"
    ],
    "position": [
      -0.448127806186676,
      1.4262622594833374,
      1.4640376567840576,
      1.0022953748703003,
      -0.5503324270248413,
      -1.216292142868042,
      2.738430976867676,
      -0.9217588305473328,
      1.8410248756408691,
      -1.051000714302063,
      -0.26538679003715515,
      -0.25177228450775146,
      0.05982707813382149,
      -0.7092959880828857,
      0.5578108429908752,
      0.021859893575310707
    ]
  }
}