{
    "install_tube": {
        "name": [
            "joint56",
            "joint57",
            "joint41",
            "joint42",
            "joint43",
            "joint44",
            "joint45",
            "joint46",
            "joint47",
            "joint1",
            "joint2",
            "joint3",
            "joint4",
            "joint5",
            "joint6",
            "joint7"
        ],
        "position": [
            0,
            0,
            -0.8,
            0,
            0,
            0.6,
            0,
            0,
            0,
            -0.8,
            0,
            0,
            0.6,
            0,
            0,
            0
        ]
    },
    "engine_lift_from_side": {
        "name": [
            "joint56",
            "joint57",
            "joint41",
            "joint42",
            "joint43",
            "joint44",
            "joint45",
            "joint46",
            "joint47",
            "joint1",
            "joint2",
            "joint3",
            "joint4",
            "joint5",
            "joint6",
            "joint7"
        ],
        "position": [
            -0.9487858325762472,
            -0.009684007811449291,
            0.26047419515123593,
            -0.09131782454450033,
            -0.41070305966477144,
            0.06107462294192967,
            0.5285513175937897,
            -0.49152220465715135,
            -0.5944475898991977,
            1.5296327097252806,
            0.1305616732518864,
            -0.7131289839614849,
            -2.211993474038108,
            -1.6251822030095413,
            -0.7956860276909165,
            2.331045691314553
        ]
    }
}