{
  "scene": "tabletop",
  "home": {
    "name": [
      "victor_left_arm_joint_1",
      "victor_left_arm_joint_2",
      "victor_left_arm_joint_3",
      "victor_left_arm_joint_4",
      "victor_left_arm_joint_5",
      "victor_left_arm_joint_6",
      "victor_left_arm_joint_7",
      "victor_right_arm_joint_1",
      "victor_right_arm_joint_2",
      "victor_right_arm_joint_3",
      "victor_right_arm_joint_4",
      "victor_right_arm_joint_5",
      "victor_right_arm_joint_6",
      "victor_right_arm_joint_7"
    ],
    "position": [
      1.4499025768691203,
      -1.5359151612435458,
      -1.8660986543702196,
      -2.0566660376863948,
      0.20877291943083076,
      1.0331528304714022,
      -2.513539186868845,
      -1.5999013356855603,
      -1.6120257244854508,
      0.7827823793656403,
      -2.043613626000585,
      0.48465220814168664,
      0.9657616826147182,
      2.195465816465867
    ]
  },
  "left_gripper_reset_position": [
    0.25,
    0.15,
    0.7
  ],
  "right_gripper_reset_position": [
    0.25,
    -0.15,
    0.7
  ],
  "extent": [
    0.35,
    1.5,
    -0.6,
    0.6,
    0.2,
    1.8
  ],
  "gripper1_action_sample_extent": [
    0.35,
    1.5,
    -0.6,
    0.6,
    0.2,
    1.3
  ],
  "gripper2_action_sample_extent": [
    0.35,
    1.5,
    -0.6,
    0.6,
    0.2,
    1.3
  ],
  "objects_extent": [
    0.6,
    1.0,
    -0.4,
    0.4,
    0.2,
    1.0
  ],
  "objects": [],
  "res": 0.02,
  "max_step_size": 0.01,
  "steps_per_traj": 20,
  "trajs_per_file": 8,
  "no_objects": false,
  "randomize_environment_every_n_trajectories": 8,
  "repeat_delta_gripper_motion_probability": 0.8,
  "max_distance_gripper_can_move": 0.10,
  "max_distance_between_grippers": null
}
