occupancy,sdf,gradient
0.1167670,0.0219834,0.368115
0.0781992,0.0200507,0.363818
0.0870265,0.0200889,0.369210


